<?xml version="1.0"?>
<config xmlns:xsi="http://www.w3.org/2001/XMLSchema-instance" xsi:noNamespaceSchemaLocation="urn:magento:framework:Acl/etc/acl.xsd">
    <acl>
        <resources>
            <resource id="Magento_Adminhtml::admin">
                <resource id="Magento_Adminhtml::stores">
                    <resource id="Magento_Adminhtml::stores_settings">
                        <resource id="Magento_Adminhtml::config">
                            <resource id="Kadam_Erply::Kadam_Erply" title="Erply" />
                        </resource>
                    </resource>
                </resource>
            </resource>
        </resources>
    </acl>
</config>
