<?xml version="1.0"?>
<!--
/**
 * @author Amasty Team
 * @copyright Copyright (c) 2020 Amasty (https://www.amasty.com)
 * @package Amasty_Checkout
 */
-->
<config xmlns:xsi="http://www.w3.org/2001/XMLSchema-instance"
        xsi:noNamespaceSchemaLocation="urn:magento:framework:ObjectManager/etc/config.xsd">
       <type name="Magento\Catalog\Block\Product\ListProduct">
			<plugin name="Wordsynaergy-product-load-after" type="Kadam\Erply\Plugin\Catalog\Block\Product\ListProduct" sortOrder="5" />
		</type>
		<preference for="Magento\Catalog\Model\Product\Type\Price" type="Kadam\Erply\Model\Catalog\Price" />
		<!--<type name="Magento\Catalog\Block\Product\ListProduct">
			<plugin name="Wordsynaergy-product-load-after" type="WorldSynergy\P21Integration\Plugin\Catalog\Block\Product\ListProduct" sortOrder="5" />
		</type>-->
		<!-- <preference for="Magento\Catalog\Pricing\Price\TierPrice" type="WorldSynergy\P21Integration\Model\Catalog\TierPrice" /> --> 
</config>